MC1,MC2,CE Loss,KL wrt Orig
0.6299019607843137,0.8087593301423532,2.5830412781238556,0.0
