MC1,MC2,CE Loss,KL wrt Orig
0.5672371638141809,0.7595917599110579,2.539520936012268,0.0
