MC1,MC2,CE Loss,KL wrt Orig
0.6274509803921569,0.8055709883362121,2.6381767141819,0.0
